<?xml version="1.0" encoding="UTF-8"?>
<project-private xmlns="http://www.netbeans.org/ns/project-private/1">
    <editor-bookmarks xmlns="http://www.netbeans.org/ns/editor-bookmarks/2" lastBookmarkId="0"/>
    <open-files xmlns="http://www.netbeans.org/ns/projectui-open-files/2">
        <group>
            <file>file:/C:/Users/nikhi/Downloads/Drone_Disease_Web/src/java/get_medicine.java</file>
            <file>file:/C:/Users/nikhi/Downloads/Drone_Disease_Web/src/java/get_details.java</file>
            <file>file:/C:/Users/nikhi/Downloads/Drone_Disease_Web/src/java/get_image_num.java</file>
            <file>file:/C:/Users/nikhi/Downloads/Drone_Disease_Web/src/java/Database/DBQuery.java</file>
            <file>file:/C:/Users/nikhi/Downloads/Drone_Disease_Web/src/java/Logic/path.java</file>
            <file>file:/C:/Users/nikhi/Downloads/Drone_Disease_Web/src/java/Database/DBConnection.java</file>
        </group>
    </open-files>
</project-private>
